/about.html /about 301
/activities.html /activities 301
/admin.html /admin 301
/community.html /community 301
/donate.html /donate 301
/login.html /login 301
/mangrove.html /mangrove 301
/music.html /music 301
/projects.html /projects 301
/social.html /social 301
/status.html /status 301
/:splat.html /:splat 301
